Date,Total Clones,Unique Clones
2025-11-15 06:08:01,114,55
2025-11-24 10:17:03,106,54
2025-11-25 06:09:31,122,62
2025-11-26 06:09:33,103,51
2025-11-27 06:09:32,99,50
2025-11-28 06:09:25,100,52
2025-11-29 06:08:15,68,32
2025-11-30 06:08:31,69,34
2025-12-01 06:10:04,68,33
2025-12-02 06:09:37,80,39
2025-12-03 06:09:34,90,45
2025-12-04 06:09:39,131,71
2025-12-05 06:09:41,138,75
2025-12-06 06:08:03,148,81
2025-12-07 06:08:11,153,82
2025-12-08 06:10:13,158,87
2025-12-09 06:09:34,146,82
2025-12-10 06:09:43,152,87
2025-12-11 06:10:01,150,84
2025-12-12 06:09:47,147,82
2025-12-13 06:08:23,149,84
2025-12-14 06:08:20,149,84
2025-12-15 06:10:27,151,85
2025-12-16 06:09:52,147,85
2025-12-17 06:09:37,135,78
2025-12-18 06:09:37,108,61
2025-12-19 06:09:26,106,64
2025-12-20 06:08:03,99,58
2025-12-21 06:08:33,98,57
2025-12-22 06:10:10,103,59
2025-12-23 06:09:50,96,53
2025-12-24 06:09:55,96,54
2025-12-25 06:09:36,97,56
2025-12-26 06:09:42,103,60
2025-12-27 06:08:38,103,59
2025-12-28 06:08:40,107,61
2025-12-29 06:10:56,109,62
2025-12-30 06:09:41,113,65
2025-12-31 06:09:50,106,60
2026-01-01 06:09:55,99,53
2026-01-02 06:09:49,104,56
2026-01-03 06:08:37,110,61
2026-01-04 06:09:35,113,64
2026-01-05 06:12:11,109,61
2026-01-06 06:09:56,109,61
2026-01-07 06:09:53,108,60
2026-01-08 06:10:08,111,62
2026-01-09 06:09:50,112,60
2026-01-10 06:08:22,116,61
2026-01-11 06:09:20,116,62
2026-01-12 06:11:28,116,62
2026-01-13 06:09:48,116,62
2026-01-14 06:10:24,118,65
2026-01-15 06:09:45,123,67
2026-01-16 06:09:51,116,63
2026-01-17 06:08:50,115,62
2026-01-18 06:09:09,117,61
2026-01-19 06:12:29,116,59
2026-01-20 06:11:10,113,57
2026-01-21 06:11:02,117,58
2026-01-22 06:10:20,123,59
2026-01-23 06:10:04,124,59
2026-01-24 06:09:08,123,59
2026-01-25 06:09:28,130,62
2026-01-26 06:11:43,136,64
2026-01-27 06:10:35,136,65
2026-01-28 06:10:59,136,64
2026-01-29 06:19:14,134,63
2026-01-30 06:19:19,134,63
2026-01-31 06:13:36,147,67
2026-02-01 06:21:11,148,68
2026-02-02 06:28:18,151,69
2026-02-03 06:21:55,151,69
2026-02-04 06:21:06,163,75
2026-02-05 06:24:55,158,71
2026-05-28 08:13:29,55,17
2026-05-29 07:27:00,85,34
2026-05-30 07:06:17,94,38
2026-05-31 07:24:08,84,45
2026-06-01 07:53:54,100,50
2026-06-02 07:45:32,100,50
2026-06-03 07:48:52,127,62
2026-06-04 07:44:20,139,66
2026-06-05 07:36:01,160,79
2026-06-06 07:09:54,169,81
2026-06-07 07:29:19,183,89
2026-06-08 07:50:08,198,96
2026-06-09 07:20:46,198,96
2026-06-10 07:35:25,211,100
2026-06-11 07:48:04,229,107
2026-06-12 07:43:42,229,107
2026-06-13 07:23:58,211,94
2026-06-14 07:41:36,211,94
2026-06-15 08:08:34,218,94
2026-06-16 08:04:36,220,91
2026-06-17 07:58:03,218,91
2026-06-18 07:47:44,220,93
2026-06-19 07:58:23,220,89
2026-06-20 07:25:43,220,89
2026-06-21 07:44:13,238,98
2026-06-22 08:10:00,227,94
2026-06-23 07:21:03,214,90
2026-06-24 07:17:21,221,93
2026-06-25 07:17:51,214,90
2026-06-26 07:23:53,214,90
2026-07-15 06:49:34,178,144
2026-07-16 06:53:23,169,139
2026-07-17 06:51:28,169,139
2026-07-18 06:42:43,166,132
2026-07-19 06:55:00,166,132
2026-07-20 07:10:09,132,99
2026-07-21 06:55:27,116,86
2026-07-22 06:56:29,117,86
2026-07-23 06:54:29,118,88
2026-07-24 06:55:09,112,83
2026-07-25 06:50:26,58,35
2026-07-26 06:58:35,53,30
2026-07-27 07:13:38,66,36
2026-07-28 06:56:36,66,36
2026-07-29 06:58:30,75,37
2026-07-30 06:57:27,76,37
2026-07-31 07:02:56,78,36
2026-08-01 06:53:38,69,30
2026-08-02 06:56:33,69,30
2026-08-03 07:12:51,69,30
2026-08-04 06:56:28,97,45
2026-08-05 06:57:48,97,46
2026-08-06 06:58:13,97,46
2026-08-07 06:27:07,101,50
2026-08-08 06:17:01,101,50
2026-08-09 06:18:01,101,50
2026-08-10 06:32:34,91,44
2026-08-11 06:21:25,96,50
2026-08-12 06:32:11,96,50
2026-08-13 06:33:53,111,60
2026-08-14 06:32:03,109,62
2026-08-15 06:08:53,109,65
2026-08-16 06:09:58,109,65
2026-08-17 06:13:54,109,65
2026-08-18 06:10:36,106,59
2026-08-19 06:11:20,106,59
2026-08-20 06:11:10,107,59
2026-08-21 06:11:49,128,63
2026-08-22 06:09:08,142,68
2026-08-23 06:10:01,140,67
2026-08-24 06:16:25,140,67
2026-08-25 06:11:37,143,69
2026-08-26 06:12:40,128,60
2026-08-27 09:09:35,119,54
2026-08-28 09:13:32,116,51
2026-08-29 06:17:56,116,51
2026-08-30 06:18:51,116,51
2026-08-31 06:26:25,81,35
2026-09-01 06:21:45,83,37
2026-09-02 06:25:43,90,43
