Date,Total Clones,Unique Clones
2025-11-15 06:08:01,114,55
2025-11-24 10:17:03,106,54
2025-11-25 06:09:31,122,62
2025-11-26 06:09:33,103,51
2025-11-27 06:09:32,99,50
2025-11-28 06:09:25,100,52
2025-11-29 06:08:15,68,32
2025-11-30 06:08:31,69,34
2025-12-01 06:10:04,68,33
2025-12-02 06:09:37,80,39
2025-12-03 06:09:34,90,45
2025-12-04 06:09:39,131,71
2025-12-05 06:09:41,138,75
2025-12-06 06:08:03,148,81
2025-12-07 06:08:11,153,82
2025-12-08 06:10:13,158,87
2025-12-09 06:09:34,146,82
2025-12-10 06:09:43,152,87
2025-12-11 06:10:01,150,84
2025-12-12 06:09:47,147,82
2025-12-13 06:08:23,149,84
2025-12-14 06:08:20,149,84
2025-12-15 06:10:27,151,85
2025-12-16 06:09:52,147,85
2025-12-17 06:09:37,135,78
2025-12-18 06:09:37,108,61
2025-12-19 06:09:26,106,64
2025-12-20 06:08:03,99,58
2025-12-21 06:08:33,98,57
2025-12-22 06:10:10,103,59
2025-12-23 06:09:50,96,53
2025-12-24 06:09:55,96,54
2025-12-25 06:09:36,97,56
2025-12-26 06:09:42,103,60
2025-12-27 06:08:38,103,59
2025-12-28 06:08:40,107,61
