Date,Referrer,Count,Uniques
2025-11-15 06:08:02,no-referrers,0,0
2025-11-24 10:17:04,no-referrers,0,0
2025-11-25 06:09:32,no-referrers,0,0
2025-11-26 06:09:34,no-referrers,0,0
2025-11-27 06:09:33,no-referrers,0,0
2025-11-28 06:09:26,no-referrers,0,0
2025-11-29 06:08:16,no-referrers,0,0
2025-11-30 06:08:31,no-referrers,0,0
2025-12-01 06:10:05,no-referrers,0,0
2025-12-02 06:09:38,no-referrers,0,0
2025-12-03 06:09:35,no-referrers,0,0
2025-12-04 06:09:40,no-referrers,0,0
2025-12-05 06:09:41,no-referrers,0,0
2025-12-06 06:08:04,no-referrers,0,0
2025-12-07 06:08:12,no-referrers,0,0
2025-12-08 06:10:14,no-referrers,0,0
2025-12-09 06:09:34,no-referrers,0,0
2025-12-10 06:09:43,no-referrers,0,0
2025-12-11 06:10:01,no-referrers,0,0
2025-12-12 06:09:47,no-referrers,0,0
2025-12-13 06:08:24,no-referrers,0,0
2025-12-14 06:08:21,no-referrers,0,0
2025-12-15 06:10:27,no-referrers,0,0
2025-12-16 06:09:53,no-referrers,0,0
2025-12-17 06:09:37,no-referrers,0,0
2025-12-18 06:09:37,no-referrers,0,0
2025-12-19 06:09:27,no-referrers,0,0
2025-12-20 06:08:04,no-referrers,0,0
2025-12-21 06:08:33,no-referrers,0,0
2025-12-22 06:10:10,no-referrers,0,0
2025-12-23 06:09:50,no-referrers,0,0
2025-12-24 06:09:55,github.com,32,4
2025-12-24 06:09:55,developer.payments.jpmorgan.com,2,2
2025-12-24 06:09:55,linkedin.com,2,1
2025-12-25 06:09:36,github.com,32,5
2025-12-25 06:09:36,developer.payments.jpmorgan.com,2,2
2025-12-25 06:09:36,linkedin.com,2,1
2025-12-26 06:09:43,github.com,30,4
2025-12-26 06:09:43,developer.payments.jpmorgan.com,2,2
2025-12-26 06:09:43,linkedin.com,2,1
2025-12-27 06:08:39,github.com,30,4
2025-12-27 06:08:39,linkedin.com,2,1
2025-12-27 06:08:39,developer.payments.jpmorgan.com,1,1
2025-12-28 06:08:41,github.com,30,4
2025-12-28 06:08:41,linkedin.com,2,1
2025-12-28 06:08:41,developer.payments.jpmorgan.com,1,1
2025-12-29 06:10:56,github.com,30,4
2025-12-29 06:10:56,linkedin.com,2,1
2025-12-29 06:10:56,developer.payments.jpmorgan.com,1,1
2025-12-30 06:09:42,github.com,30,4
2025-12-30 06:09:42,developer.payments.jpmorgan.com,1,1
2025-12-31 06:09:50,github.com,5,4
2025-12-31 06:09:50,developer.payments.jpmorgan.com,1,1
2026-01-01 06:09:56,github.com,4,4
2026-01-01 06:09:56,developer.payments.jpmorgan.com,1,1
2026-01-02 06:09:50,github.com,2,2
2026-01-02 06:09:50,developer.payments.jpmorgan.com,1,1
2026-01-03 06:08:37,github.com,2,2
2026-01-04 06:09:36,github.com,2,2
2026-01-05 06:12:12,github.com,2,2
2026-01-06 06:09:56,github.com,4,3
2026-01-07 06:09:54,github.com,5,4
2026-01-08 06:10:08,github.com,4,3
2026-01-09 06:09:51,github.com,4,3
2026-01-10 06:08:22,github.com,4,3
2026-01-10 06:08:22,developer.payments.jpmorgan.com,1,1
2026-01-11 06:09:21,github.com,4,3
2026-01-11 06:09:21,developer.payments.jpmorgan.com,1,1
2026-01-12 06:11:28,github.com,4,3
2026-01-12 06:11:28,developer.payments.jpmorgan.com,1,1
2026-01-13 06:09:49,github.com,4,3
2026-01-13 06:09:49,developer.payments.jpmorgan.com,1,1
2026-01-14 06:10:25,github.com,4,3
2026-01-14 06:10:25,developer.payments.jpmorgan.com,2,2
2026-01-14 06:10:25,t.co,1,1
2026-01-15 06:09:46,github.com,4,3
2026-01-15 06:09:46,developer.payments.jpmorgan.com,2,2
2026-01-15 06:09:46,t.co,1,1
2026-01-16 06:09:52,github.com,10,4
2026-01-16 06:09:52,developer.payments.jpmorgan.com,2,2
2026-01-16 06:09:52,t.co,1,1
2026-01-17 06:08:50,github.com,10,4
2026-01-17 06:08:50,developer.payments.jpmorgan.com,2,2
2026-01-17 06:08:50,t.co,1,1
2026-01-18 06:09:10,github.com,10,4
2026-01-18 06:09:10,developer.payments.jpmorgan.com,2,2
2026-01-18 06:09:10,t.co,1,1
2026-01-19 06:12:30,github.com,10,4
2026-01-19 06:12:30,developer.payments.jpmorgan.com,2,2
2026-01-19 06:12:30,t.co,1,1
2026-01-20 06:11:10,github.com,8,3
2026-01-20 06:11:10,developer.payments.jpmorgan.com,2,2
2026-01-20 06:11:10,t.co,1,1
2026-01-21 06:11:03,github.com,16,3
2026-01-21 06:11:03,developer.payments.jpmorgan.com,2,2
2026-01-21 06:11:03,t.co,1,1
2026-01-22 06:10:21,github.com,16,3
2026-01-22 06:10:21,developer.payments.jpmorgan.com,2,2
2026-01-22 06:10:21,t.co,1,1
2026-01-23 06:10:04,github.com,24,3
2026-01-23 06:10:04,developer.payments.jpmorgan.com,2,2
2026-01-23 06:10:04,t.co,1,1
2026-01-24 06:09:09,github.com,24,3
2026-01-24 06:09:09,developer.payments.jpmorgan.com,1,1
2026-01-24 06:09:09,t.co,1,1
2026-01-25 06:09:28,github.com,24,3
2026-01-25 06:09:28,developer.payments.jpmorgan.com,1,1
2026-01-25 06:09:28,t.co,1,1
2026-01-26 06:11:44,github.com,24,3
2026-01-26 06:11:44,developer.payments.jpmorgan.com,1,1
2026-01-26 06:11:44,t.co,1,1
2026-01-27 06:10:35,github.com,26,3
2026-01-27 06:10:35,developer.payments.jpmorgan.com,1,1
2026-01-27 06:10:35,t.co,1,1
2026-01-28 06:10:59,github.com,25,2
2026-01-29 06:19:15,github.com,43,2
2026-01-30 06:19:20,github.com,43,2
2026-01-31 06:13:36,github.com,37,1
2026-02-01 06:21:11,github.com,37,1
2026-02-02 06:28:19,github.com,37,1
2026-02-02 06:28:19,developer.payments.jpmorgan.com,1,1
2026-02-03 06:21:56,github.com,37,1
2026-02-03 06:21:56,developer.payments.jpmorgan.com,1,1
2026-02-04 06:21:07,github.com,29,2
2026-02-04 06:21:07,developer.payments.jpmorgan.com,1,1
2026-02-05 06:24:56,github.com,29,2
2026-02-05 06:24:56,Google,1,1
2026-02-05 06:24:56,developer.payments.jpmorgan.com,1,1
2026-05-28 08:13:30,github.com,13,3
2026-05-28 08:13:30,Google,4,1
2026-05-28 08:13:30,linkedin.com,3,2
2026-05-28 08:13:30,developer.payments.jpmorgan.com,1,1
2026-05-29 07:27:01,github.com,16,5
2026-05-29 07:27:01,Google,4,1
2026-05-29 07:27:01,linkedin.com,3,2
2026-05-29 07:27:01,developer.payments.jpmorgan.com,1,1
2026-05-30 07:06:17,github.com,16,5
2026-05-30 07:06:17,Google,4,1
2026-05-30 07:06:17,linkedin.com,3,2
2026-05-30 07:06:17,developer.payments.jpmorgan.com,1,1
2026-05-31 07:24:08,github.com,16,5
2026-05-31 07:24:08,linkedin.com,4,2
2026-05-31 07:24:08,Google,4,1
2026-05-31 07:24:08,developer.payments.jpmorgan.com,1,1
2026-06-01 07:53:55,github.com,17,6
2026-06-01 07:53:55,linkedin.com,4,2
2026-06-01 07:53:55,Google,4,1
2026-06-01 07:53:55,developer.payments.jpmorgan.com,1,1
2026-06-02 07:45:32,github.com,17,6
2026-06-02 07:45:32,linkedin.com,4,2
2026-06-02 07:45:32,Google,4,1
2026-06-02 07:45:32,developer.payments.jpmorgan.com,1,1
2026-06-03 07:48:53,github.com,17,6
2026-06-03 07:48:53,linkedin.com,4,2
2026-06-03 07:48:53,Google,4,1
2026-06-03 07:48:53,developer.payments.jpmorgan.com,1,1
2026-06-04 07:44:20,github.com,19,8
2026-06-04 07:44:20,linkedin.com,4,2
2026-06-04 07:44:20,Google,4,1
2026-06-04 07:44:20,developer.payments.jpmorgan.com,1,1
2026-06-05 07:36:02,github.com,19,8
2026-06-05 07:36:02,linkedin.com,4,2
2026-06-05 07:36:02,Google,4,1
2026-06-05 07:36:02,developer.payments.jpmorgan.com,1,1
2026-06-06 07:09:55,github.com,21,9
2026-06-06 07:09:55,linkedin.com,4,2
2026-06-06 07:09:55,developer.payments.jpmorgan.com,1,1
2026-06-07 07:29:19,github.com,20,8
2026-06-07 07:29:19,linkedin.com,6,3
2026-06-07 07:29:19,developer.payments.jpmorgan.com,1,1
2026-06-08 07:50:08,github.com,22,9
2026-06-08 07:50:08,linkedin.com,4,2
2026-06-08 07:50:08,developer.payments.jpmorgan.com,1,1
2026-06-09 07:20:46,github.com,22,9
2026-06-09 07:20:46,linkedin.com,4,2
2026-06-09 07:20:46,developer.payments.jpmorgan.com,1,1
2026-06-10 07:35:26,github.com,22,9
2026-06-10 07:35:26,linkedin.com,3,2
2026-06-10 07:35:26,developer.payments.jpmorgan.com,1,1
2026-06-11 07:48:05,github.com,11,8
2026-06-11 07:48:05,linkedin.com,3,2
2026-06-12 07:43:43,github.com,11,8
2026-06-12 07:43:43,linkedin.com,3,2
2026-06-13 07:23:59,github.com,19,7
2026-06-13 07:23:59,linkedin.com,3,2
2026-06-14 07:41:37,github.com,19,7
2026-06-14 07:41:37,linkedin.com,3,2
2026-06-15 08:08:34,github.com,18,6
2026-06-15 08:08:34,linkedin.com,3,2
2026-06-16 08:04:37,github.com,19,7
2026-06-16 08:04:37,linkedin.com,3,2
2026-06-17 07:58:03,github.com,19,7
2026-06-17 07:58:03,linkedin.com,3,2
2026-06-18 07:47:45,github.com,19,7
2026-06-18 07:47:45,linkedin.com,3,2
2026-06-19 07:58:23,github.com,19,7
2026-06-19 07:58:23,linkedin.com,3,2
2026-06-20 07:25:44,github.com,19,7
2026-06-20 07:25:44,linkedin.com,3,2
2026-06-21 07:44:14,github.com,19,8
2026-06-21 07:44:14,Google,1,1
2026-06-21 07:44:14,linkedin.com,1,1
2026-06-22 08:10:01,github.com,17,7
2026-06-22 08:10:01,Google,1,1
2026-06-22 08:10:01,linkedin.com,1,1
2026-06-23 07:21:04,github.com,17,7
2026-06-23 07:21:04,Google,1,1
2026-06-23 07:21:04,linkedin.com,1,1
2026-06-24 07:17:22,github.com,17,7
2026-06-24 07:17:22,Google,1,1
2026-06-24 07:17:22,linkedin.com,1,1
2026-06-25 07:17:52,github.com,17,7
2026-06-25 07:17:52,Google,1,1
2026-06-25 07:17:52,linkedin.com,1,1
2026-06-26 07:23:54,github.com,17,7
2026-06-26 07:23:54,Google,1,1
2026-06-26 07:23:54,linkedin.com,1,1
2026-07-15 06:49:35,github.com,30,10
2026-07-15 06:49:35,Google,6,2
2026-07-16 06:53:24,github.com,30,10
2026-07-16 06:53:24,Google,6,2
2026-07-16 06:53:24,yandex.ru,2,1
2026-07-17 06:51:28,github.com,30,10
2026-07-17 06:51:28,Google,6,2
2026-07-17 06:51:28,yandex.ru,2,1
2026-07-18 06:42:44,github.com,19,10
2026-07-18 06:42:44,Google,4,1
2026-07-18 06:42:44,yandex.ru,2,1
2026-07-19 06:55:00,github.com,19,10
2026-07-19 06:55:00,Google,4,1
2026-07-19 06:55:00,yandex.ru,2,1
2026-07-20 07:10:10,github.com,18,9
2026-07-20 07:10:10,Google,4,1
2026-07-20 07:10:10,yandex.ru,2,1
2026-07-21 06:55:28,github.com,28,10
2026-07-21 06:55:28,Google,4,1
2026-07-21 06:55:28,yandex.ru,2,1
2026-07-21 06:55:28,linkedin.com,1,1
2026-07-22 06:56:29,github.com,28,9
2026-07-22 06:56:29,Google,4,1
2026-07-22 06:56:29,yandex.ru,2,1
2026-07-22 06:56:29,linkedin.com,1,1
2026-07-23 06:54:29,github.com,26,7
2026-07-23 06:54:29,Google,4,1
2026-07-23 06:54:29,yandex.ru,2,1
2026-07-23 06:54:29,linkedin.com,1,1
2026-07-24 06:55:10,github.com,22,6
2026-07-24 06:55:10,Google,4,1
2026-07-24 06:55:10,yandex.ru,2,1
2026-07-24 06:55:10,linkedin.com,1,1
2026-07-25 06:50:26,github.com,30,8
2026-07-25 06:50:26,Google,4,1
2026-07-25 06:50:26,yandex.ru,2,1
2026-07-25 06:50:26,linkedin.com,1,1
2026-07-26 06:58:35,github.com,30,8
2026-07-26 06:58:35,Google,4,1
2026-07-26 06:58:35,yandex.ru,2,1
2026-07-26 06:58:35,linkedin.com,1,1
2026-07-27 07:13:38,github.com,30,8
2026-07-27 07:13:38,Google,4,1
2026-07-27 07:13:38,yandex.ru,2,1
2026-07-27 07:13:38,linkedin.com,1,1
2026-07-28 06:56:36,github.com,30,8
2026-07-28 06:56:36,Google,4,1
2026-07-28 06:56:36,yandex.ru,2,1
2026-07-28 06:56:36,linkedin.com,1,1
2026-07-29 06:58:31,github.com,30,8
2026-07-29 06:58:31,Google,2,1
2026-07-29 06:58:31,yandex.ru,2,1
2026-07-29 06:58:31,linkedin.com,1,1
2026-07-30 06:57:27,github.com,31,9
2026-07-30 06:57:27,Google,3,2
2026-07-30 06:57:27,linkedin.com,1,1
2026-07-31 07:02:57,github.com,33,9
2026-07-31 07:02:57,Google,3,2
2026-07-31 07:02:57,linkedin.com,1,1
2026-08-01 06:53:38,github.com,35,10
2026-08-01 06:53:38,Google,3,2
2026-08-01 06:53:38,linkedin.com,1,1
2026-08-02 06:56:34,github.com,35,10
2026-08-02 06:56:34,Google,3,2
2026-08-02 06:56:34,linkedin.com,1,1
2026-08-03 07:12:52,github.com,35,10
2026-08-03 07:12:52,Google,3,2
2026-08-03 07:12:52,linkedin.com,1,1
2026-08-04 06:56:29,github.com,26,10
2026-08-04 06:56:29,Google,3,2
2026-08-04 06:56:29,developer.payments.jpmorgan.com,3,1
2026-08-05 06:57:48,github.com,21,9
2026-08-05 06:57:48,Google,3,2
2026-08-05 06:57:48,developer.payments.jpmorgan.com,3,1
2026-08-06 06:58:14,github.com,21,9
2026-08-06 06:58:14,Google,3,2
2026-08-06 06:58:14,developer.payments.jpmorgan.com,3,1
