Date,Total Views,Unique Visitors
2025-11-15 06:08:01,156,16
2025-11-24 10:17:04,142,16
2025-11-25 06:09:32,187,21
2025-11-26 06:09:34,162,20
2025-11-27 06:09:33,113,14
2025-11-28 06:09:26,114,14
2025-11-29 06:08:15,84,15
2025-11-30 06:08:31,85,16
2025-12-01 06:10:05,84,15
2025-12-02 06:09:37,87,17
2025-12-03 06:09:34,93,18
2025-12-04 06:09:40,96,18
2025-12-05 06:09:41,98,18
2025-12-06 06:08:03,98,18
2025-12-07 06:08:11,97,17
2025-12-08 06:10:13,96,16
2025-12-09 06:09:34,48,12
2025-12-10 06:09:43,45,11
2025-12-11 06:10:01,48,11
2025-12-12 06:09:47,30,10
2025-12-13 06:08:23,31,11
2025-12-14 06:08:21,30,10
2025-12-15 06:10:27,30,10
2025-12-16 06:09:53,52,9
2025-12-17 06:09:37,47,8
2025-12-18 06:09:37,46,8
2025-12-19 06:09:27,41,9
2025-12-20 06:08:03,41,9
2025-12-21 06:08:33,41,9
2025-12-22 06:10:10,42,10
2025-12-23 06:09:50,41,9
2025-12-24 06:09:55,39,8
2025-12-25 06:09:36,37,9
2025-12-26 06:09:43,35,8
2025-12-27 06:08:39,34,7
2025-12-28 06:08:41,36,8
2025-12-29 06:10:56,36,8
2025-12-30 06:09:42,36,9
2025-12-31 06:09:50,11,9
2026-01-01 06:09:56,12,11
2026-01-02 06:09:50,10,9
2026-01-03 06:08:37,10,9
2026-01-04 06:09:36,10,9
2026-01-05 06:12:12,9,8
2026-01-06 06:09:56,36,13
2026-01-07 06:09:53,38,15
2026-01-08 06:10:08,38,15
2026-01-09 06:09:50,47,17
2026-01-10 06:08:22,48,18
2026-01-11 06:09:20,46,17
2026-01-12 06:11:28,46,17
2026-01-13 06:09:48,44,15
2026-01-14 06:10:24,47,17
